Code,Crop,Time-Point,Replicate,BarcodeWellPosition,Name,Plate,Linkerprimer,BarcodeSequence,ReversePrimer
C.E.1,Cotton ,E,1,A1,PCR_R_bc385,5,CAAGCAGAAGACGGCATACGAGAT,GACGCACTAA,GTGACTGGAGTTCAGACGTGTGCTC
SB.R.1,Soybean,E,1,B1,PCR_R_bc386,5,CAAGCAGAAGACGGCATACGAGAT,TCTCCGTTCC,GTGACTGGAGTTCAGACGTGTGCTC
S.R.1,Bulk Soil,E,1,C1,PCR_R_bc387,5,CAAGCAGAAGACGGCATACGAGAT,CTGATTACGA,GTGACTGGAGTTCAGACGTGTGCTC
C.R.2,Cotton ,E,2,D1,PCR_R_bc388,5,CAAGCAGAAGACGGCATACGAGAT,TAAGGCATCG,GTGACTGGAGTTCAGACGTGTGCTC
SB.R.2,Soybean,E,2,E1,PCR_R_bc389,5,CAAGCAGAAGACGGCATACGAGAT,ACCCATACAG,GTGACTGGAGTTCAGACGTGTGCTC
S.R.2,Bulk Soil,E,2,F1,PCR_R_bc390,5,CAAGCAGAAGACGGCATACGAGAT,TCTGAATGGT,GTGACTGGAGTTCAGACGTGTGCTC
C.R.3,Cotton ,E,3,G1,PCR_R_bc391,5,CAAGCAGAAGACGGCATACGAGAT,CGCACTACGC,GTGACTGGAGTTCAGACGTGTGCTC
S.E.3,Bulk Soil,E,3,H1,PCR_R_bc392,5,CAAGCAGAAGACGGCATACGAGAT,TAGATCCTCG,GTGACTGGAGTTCAGACGTGTGCTC
S.E.2,Bulk Soil,E,2,A2,PCR_R_bc393,5,CAAGCAGAAGACGGCATACGAGAT,TCGGACAGTG,GTGACTGGAGTTCAGACGTGTGCTC
Control1,NEC,NEC,1,B2,PCR_R_bc394,5,CAAGCAGAAGACGGCATACGAGAT,ATAATTGCCG,GTGACTGGAGTTCAGACGTGTGCTC
C.0.1,Cotton ,0,1,C2,PCR_R_bc395,5,CAAGCAGAAGACGGCATACGAGAT,CGTGACAATA,GTGACTGGAGTTCAGACGTGTGCTC
SB.0.1,Soybean,0,1,D2,PCR_R_bc396,5,CAAGCAGAAGACGGCATACGAGAT,CAGTAAATCG,GTGACTGGAGTTCAGACGTGTGCTC
S.0.1,Bulk Soil,0,1,E2,PCR_R_bc397,5,CAAGCAGAAGACGGCATACGAGAT,CAAGTTTCCG,GTGACTGGAGTTCAGACGTGTGCTC
C.0.2,Cotton ,0,2,F2,PCR_R_bc398,5,CAAGCAGAAGACGGCATACGAGAT,CTCTTCTGAT,GTGACTGGAGTTCAGACGTGTGCTC
SB.0.2,Soybean,0,2,G2,PCR_R_bc399,5,CAAGCAGAAGACGGCATACGAGAT,ACGAAAGAGC,GTGACTGGAGTTCAGACGTGTGCTC
S.0.2,Bulk Soil,0,2,H2,PCR_R_bc400,5,CAAGCAGAAGACGGCATACGAGAT,TGATGAACCC,GTGACTGGAGTTCAGACGTGTGCTC
C.0.3,Cotton ,0,3,A3,PCR_R_bc401,5,CAAGCAGAAGACGGCATACGAGAT,GCTCTTATGC,GTGACTGGAGTTCAGACGTGTGCTC
SB.0.3,Soybean,0,3,B3,PCR_R_bc402,5,CAAGCAGAAGACGGCATACGAGAT,ATGCTAACCA,GTGACTGGAGTTCAGACGTGTGCTC
S.0.3,Bulk Soil,0,3,C3,PCR_R_bc403,5,CAAGCAGAAGACGGCATACGAGAT,ACCAATCTCG,GTGACTGGAGTTCAGACGTGTGCTC
C.0.4,Cotton ,0,4,D3,PCR_R_bc404,5,CAAGCAGAAGACGGCATACGAGAT,CGACCTCGCA,GTGACTGGAGTTCAGACGTGTGCTC
SB.0.4,Soybean,0,4,E3,PCR_R_bc405,5,CAAGCAGAAGACGGCATACGAGAT,GGAAGTGGCC,GTGACTGGAGTTCAGACGTGTGCTC
S.0.4,Bulk Soil,0,4,F3,PCR_R_bc406,5,CAAGCAGAAGACGGCATACGAGAT,GTACTGAAGA,GTGACTGGAGTTCAGACGTGTGCTC
C.0.5,Cotton ,0,5,G3,PCR_R_bc407,5,CAAGCAGAAGACGGCATACGAGAT,GATAATGTGC,GTGACTGGAGTTCAGACGTGTGCTC
SB.0.5,Soybean,0,5,H3,PCR_R_bc408,5,CAAGCAGAAGACGGCATACGAGAT,CTCTGAGGTA,GTGACTGGAGTTCAGACGTGTGCTC
S.0.5,Bulk Soil,0,5,A4,PCR_R_bc409,5,CAAGCAGAAGACGGCATACGAGAT,TACTGGTAAG,GTGACTGGAGTTCAGACGTGTGCTC
C.0.6,Cotton ,0,6,B4,PCR_R_bc410,5,CAAGCAGAAGACGGCATACGAGAT,TTGAGAAGCA,GTGACTGGAGTTCAGACGTGTGCTC
SB.0.6,Soybean,0,6,C4,PCR_R_bc411,5,CAAGCAGAAGACGGCATACGAGAT,TCGCCGTGTA,GTGACTGGAGTTCAGACGTGTGCTC
S.0.6,Bulk Soil,0,6,D4,PCR_R_bc412,5,CAAGCAGAAGACGGCATACGAGAT,TCCCGTAGCA,GTGACTGGAGTTCAGACGTGTGCTC
Control2,NEC,NEC,2,E4,PCR_R_bc413,5,CAAGCAGAAGACGGCATACGAGAT,TGTACATCGC,GTGACTGGAGTTCAGACGTGTGCTC
C.6.1,Cotton ,6,1,F4,PCR_R_bc414,5,CAAGCAGAAGACGGCATACGAGAT,GGTTCATGAA,GTGACTGGAGTTCAGACGTGTGCTC
SB.6.1,Soybean,6,1,G4,PCR_R_bc415,5,CAAGCAGAAGACGGCATACGAGAT,TGTTAAGCAG,GTGACTGGAGTTCAGACGTGTGCTC
S.6.1,Bulk Soil,6,1,H4,PCR_R_bc416,5,CAAGCAGAAGACGGCATACGAGAT,GAGCGAGTTA,GTGACTGGAGTTCAGACGTGTGCTC
C.6.2,Cotton ,6,2,A5,PCR_R_bc417,5,CAAGCAGAAGACGGCATACGAGAT,GCTCAATCAG,GTGACTGGAGTTCAGACGTGTGCTC
SB.6.2,Soybean,6,2,B5,PCR_R_bc418,5,CAAGCAGAAGACGGCATACGAGAT,GACCATGTAG,GTGACTGGAGTTCAGACGTGTGCTC
S.6.2,Bulk Soil,6,2,C5,PCR_R_bc419,5,CAAGCAGAAGACGGCATACGAGAT,CACACGCCTG,GTGACTGGAGTTCAGACGTGTGCTC
C.6.3,Cotton ,6,3,D5,PCR_R_bc420,5,CAAGCAGAAGACGGCATACGAGAT,TCTTCGCAGC,GTGACTGGAGTTCAGACGTGTGCTC
SB.6.3,Soybean,6,3,E5,PCR_R_bc421,5,CAAGCAGAAGACGGCATACGAGAT,CAAAGCGGTA,GTGACTGGAGTTCAGACGTGTGCTC
S.6.3,Bulk Soil,6,3,F5,PCR_R_bc422,5,CAAGCAGAAGACGGCATACGAGAT,CGAAACTACG,GTGACTGGAGTTCAGACGTGTGCTC
C.6.4,Cotton ,6,4,G5,PCR_R_bc423,5,CAAGCAGAAGACGGCATACGAGAT,GAGGACCAGC,GTGACTGGAGTTCAGACGTGTGCTC
SB.6.4,Soybean,6,4,H5,PCR_R_bc424,5,CAAGCAGAAGACGGCATACGAGAT,CATCTGGGCA,GTGACTGGAGTTCAGACGTGTGCTC
S.6.4,Bulk Soil,6,4,A6,PCR_R_bc425,5,CAAGCAGAAGACGGCATACGAGAT,AATAGCATGT,GTGACTGGAGTTCAGACGTGTGCTC
C.6.5,Cotton ,6,5,B6,PCR_R_bc426,5,CAAGCAGAAGACGGCATACGAGAT,TCTCATGTGG,GTGACTGGAGTTCAGACGTGTGCTC
SB.6.5,Soybean,6,5,C6,PCR_R_bc427,5,CAAGCAGAAGACGGCATACGAGAT,CGGAGTAATC,GTGACTGGAGTTCAGACGTGTGCTC
S.6.5,Bulk Soil,6,5,D6,PCR_R_bc428,5,CAAGCAGAAGACGGCATACGAGAT,CTTCGCGGAT,GTGACTGGAGTTCAGACGTGTGCTC
C.6.6,Cotton ,6,6,E6,PCR_R_bc429,5,CAAGCAGAAGACGGCATACGAGAT,GTAGATCGTG,GTGACTGGAGTTCAGACGTGTGCTC
SB.6.6,Soybean,6,6,F6,PCR_R_bc430,5,CAAGCAGAAGACGGCATACGAGAT,TCTGCACTGA,GTGACTGGAGTTCAGACGTGTGCTC
S.6.6,Bulk Soil,6,6,G6,PCR_R_bc431,5,CAAGCAGAAGACGGCATACGAGAT,TCCTTCCCTG,GTGACTGGAGTTCAGACGTGTGCTC
Control3,NEC,NEC,3,H6,PCR_R_bc432,5,CAAGCAGAAGACGGCATACGAGAT,TGTGTAGCCA,GTGACTGGAGTTCAGACGTGTGCTC
C.12.1,Cotton ,12,1,A7,PCR_R_bc433,5,CAAGCAGAAGACGGCATACGAGAT,TAGGAGAGAC,GTGACTGGAGTTCAGACGTGTGCTC
SB.12.1,Soybean,12,1,B7,PCR_R_bc434,5,CAAGCAGAAGACGGCATACGAGAT,TGTTCCTCTC,GTGACTGGAGTTCAGACGTGTGCTC
S.12.1,Bulk Soil,12,1,C7,PCR_R_bc435,5,CAAGCAGAAGACGGCATACGAGAT,CCACACGTTT,GTGACTGGAGTTCAGACGTGTGCTC
C.12.2,Cotton ,12,2,D7,PCR_R_bc436,5,CAAGCAGAAGACGGCATACGAGAT,ACAGCATAGC,GTGACTGGAGTTCAGACGTGTGCTC
SB.12.2,Soybean,12,2,E7,PCR_R_bc437,5,CAAGCAGAAGACGGCATACGAGAT,AATGTGGCTC,GTGACTGGAGTTCAGACGTGTGCTC
S.12.2,Bulk Soil,12,2,F7,PCR_R_bc438,5,CAAGCAGAAGACGGCATACGAGAT,TCTGATCGAG,GTGACTGGAGTTCAGACGTGTGCTC
C.12.3,Cotton ,12,3,G7,PCR_R_bc439,5,CAAGCAGAAGACGGCATACGAGAT,CCACATTGGG,GTGACTGGAGTTCAGACGTGTGCTC
SB.12.3,Soybean,12,3,H7,PCR_R_bc440,5,CAAGCAGAAGACGGCATACGAGAT,GCTGTGATTC,GTGACTGGAGTTCAGACGTGTGCTC
S.12.3,Bulk Soil,12,3,A8,PCR_R_bc441,5,CAAGCAGAAGACGGCATACGAGAT,GCCGATTGTA,GTGACTGGAGTTCAGACGTGTGCTC
C.12.4,Cotton ,12,4,B8,PCR_R_bc442,5,CAAGCAGAAGACGGCATACGAGAT,CTAGCTATGG,GTGACTGGAGTTCAGACGTGTGCTC
SB.12.4,Soybean,12,4,C8,PCR_R_bc443,5,CAAGCAGAAGACGGCATACGAGAT,CGGTGGAAGC,GTGACTGGAGTTCAGACGTGTGCTC
S.12.4,Bulk Soil,12,4,D8,PCR_R_bc444,5,CAAGCAGAAGACGGCATACGAGAT,CTCTGCCTAA,GTGACTGGAGTTCAGACGTGTGCTC
C.12.5,Cotton ,12,5,E8,PCR_R_bc445,5,CAAGCAGAAGACGGCATACGAGAT,CAACCACTCG,GTGACTGGAGTTCAGACGTGTGCTC
SB.12.5,Soybean,12,5,F8,PCR_R_bc446,5,CAAGCAGAAGACGGCATACGAGAT,TGGGTCCCAC,GTGACTGGAGTTCAGACGTGTGCTC
S.12.5,Bulk Soil,12,5,G8,PCR_R_bc447,5,CAAGCAGAAGACGGCATACGAGAT,CTCTATTCCA,GTGACTGGAGTTCAGACGTGTGCTC
C.12.6,Cotton ,12,6,H8,PCR_R_bc448,5,CAAGCAGAAGACGGCATACGAGAT,TCTTAGTCGG,GTGACTGGAGTTCAGACGTGTGCTC
SB.12.6,Soybean,12,6,A9,PCR_R_bc449,5,CAAGCAGAAGACGGCATACGAGAT,TTATGGTACG,GTGACTGGAGTTCAGACGTGTGCTC
S.12.6,Bulk Soil,12,6,B9,PCR_R_bc450,5,CAAGCAGAAGACGGCATACGAGAT,GGCTGCATAC,GTGACTGGAGTTCAGACGTGTGCTC
Control4,NEC,NEC,4,C9,PCR_R_bc451,5,CAAGCAGAAGACGGCATACGAGAT,GTACCGTTGC,GTGACTGGAGTTCAGACGTGTGCTC
C.18.1,Cotton ,18,1,D9,PCR_R_bc452,5,CAAGCAGAAGACGGCATACGAGAT,TTGGTAAAGT,GTGACTGGAGTTCAGACGTGTGCTC
SB.18.1,Soybean,18,1,E9,PCR_R_bc453,5,CAAGCAGAAGACGGCATACGAGAT,CTGATAGCAC,GTGACTGGAGTTCAGACGTGTGCTC
S.18.1,Bulk Soil,18,1,F9,PCR_R_bc454,5,CAAGCAGAAGACGGCATACGAGAT,GTAATAATGC,GTGACTGGAGTTCAGACGTGTGCTC
S.E.1,Bulk Soil,E,1,G9,PCR_R_bc455,5,CAAGCAGAAGACGGCATACGAGAT,AATACAGACC,GTGACTGGAGTTCAGACGTGTGCTC
C.18.2,Cotton ,18,2,H9,PCR_R_bc456,5,CAAGCAGAAGACGGCATACGAGAT,ACTCGAAACC,GTGACTGGAGTTCAGACGTGTGCTC
SB.18.2,Soybean,18,2,A10,PCR_R_bc457,5,CAAGCAGAAGACGGCATACGAGAT,ACCGTAAGAC,GTGACTGGAGTTCAGACGTGTGCTC
S.18.2,Bulk Soil,18,2,B10,PCR_R_bc458,5,CAAGCAGAAGACGGCATACGAGAT,TCGATTGGCC,GTGACTGGAGTTCAGACGTGTGCTC
SB.E.1,Soybean,E,1,C10,PCR_R_bc459,5,CAAGCAGAAGACGGCATACGAGAT,CACTGGTGCA,GTGACTGGAGTTCAGACGTGTGCTC
C.18.3,Cotton ,18,3,D10,PCR_R_bc460,5,CAAGCAGAAGACGGCATACGAGAT,GCATTACTGG,GTGACTGGAGTTCAGACGTGTGCTC
SB.18.3,Soybean,18,3,E10,PCR_R_bc461,5,CAAGCAGAAGACGGCATACGAGAT,TTGGGCCACA,GTGACTGGAGTTCAGACGTGTGCTC
S.18.3,Bulk Soil,18,3,F10,PCR_R_bc462,5,CAAGCAGAAGACGGCATACGAGAT,CTAATCAGAG,GTGACTGGAGTTCAGACGTGTGCTC
SB.E.2,Soybean,E,2,G10,PCR_R_bc463,5,CAAGCAGAAGACGGCATACGAGAT,CACACAAAGT,GTGACTGGAGTTCAGACGTGTGCTC
C.18.4,Cotton ,18,4,H10,PCR_R_bc464,5,CAAGCAGAAGACGGCATACGAGAT,TATAATCCGA,GTGACTGGAGTTCAGACGTGTGCTC
SB.18.4,Soybean,18,4,A11,PCR_R_bc465,5,CAAGCAGAAGACGGCATACGAGAT,GCCAAGGATA,GTGACTGGAGTTCAGACGTGTGCTC
S.18.4,Bulk Soil,18,4,B11,PCR_R_bc466,5,CAAGCAGAAGACGGCATACGAGAT,TCCAGATAGC,GTGACTGGAGTTCAGACGTGTGCTC
C.E.3,Cotton ,E,3,C11,PCR_R_bc467,5,CAAGCAGAAGACGGCATACGAGAT,GCAACCGATT,GTGACTGGAGTTCAGACGTGTGCTC
C.18.5,Cotton ,18,5,D11,PCR_R_bc468,5,CAAGCAGAAGACGGCATACGAGAT,AATCCGGTCA,GTGACTGGAGTTCAGACGTGTGCTC
SB.18.5,Soybean,18,5,E11,PCR_R_bc469,5,CAAGCAGAAGACGGCATACGAGAT,GGTAAAGGGT,GTGACTGGAGTTCAGACGTGTGCTC
S.18.5,Bulk Soil,18,5,F11,PCR_R_bc470,5,CAAGCAGAAGACGGCATACGAGAT,GCTTTCTCAA,GTGACTGGAGTTCAGACGTGTGCTC
C.E.2,Cotton ,E,2,G11,PCR_R_bc471,5,CAAGCAGAAGACGGCATACGAGAT,GTTCACGCCC,GTGACTGGAGTTCAGACGTGTGCTC
C.18.6,Cotton ,18,6,H11,PCR_R_bc472,5,CAAGCAGAAGACGGCATACGAGAT,TAGGAACTCA,GTGACTGGAGTTCAGACGTGTGCTC
SB.18.6,Soybean,18,6,A12,PCR_R_bc473,5,CAAGCAGAAGACGGCATACGAGAT,TGTATTGGAC,GTGACTGGAGTTCAGACGTGTGCTC
S.18.6,Bulk Soil,18,6,B12,PCR_R_bc474,5,CAAGCAGAAGACGGCATACGAGAT,CATGCCAACA,GTGACTGGAGTTCAGACGTGTGCTC
Control5,NEC,NEC,5,C12,PCR_R_bc475,5,CAAGCAGAAGACGGCATACGAGAT,TATTGCAGCA,GTGACTGGAGTTCAGACGTGTGCTC
PositiveControl1,MOCK,MOCK,MOCK,D12,PCR_R_bc476,5,CAAGCAGAAGACGGCATACGAGAT,AGATTCGCTC,GTGACTGGAGTTCAGACGTGTGCTC
PositiveControl2,MOCK,MOCK,MOCK,E12,PCR_R_bc477,5,CAAGCAGAAGACGGCATACGAGAT,GAGTACAGTC,GTGACTGGAGTTCAGACGTGTGCTC
PositiveControl3,MOCK,MOCK,MOCK,F12,PCR_R_bc478,5,CAAGCAGAAGACGGCATACGAGAT,AGCCGGAGAG,GTGACTGGAGTTCAGACGTGTGCTC
Water1,NEC,Water,Water,G12,PCR_R_bc479,5,CAAGCAGAAGACGGCATACGAGAT,CCTACATGAG,GTGACTGGAGTTCAGACGTGTGCTC
Water2,NEC,Water,Water,H12,PCR_R_bc480,5,CAAGCAGAAGACGGCATACGAGAT,AAGGCCTTTA,GTGACTGGAGTTCAGACGTGTGCTC